Date,TNX,US_Corp,LIBOR,CPI,BAA,UNRATE,SPY,IRX,RGDP,Cash,TreasInd
1/1/1990,8.43,444.7281818,8.349431818,132.1,9.94,5.4,#N/A,7.74,9358.289,#N/A,#N/A
2/1/1990,8.51,442.4673684,8.365625,132.7,10.14,5.3,#N/A,7.77,#N/A,#N/A,#N/A
3/1/1990,8.65,443.5252174,8.491477273,133.5,10.21,5.2,#N/A,7.8,#N/A,#N/A,#N/A
4/1/1990,9.04,443.4435,8.569901579,134,10.3,5.4,#N/A,7.79,9392.251,#N/A,#N/A
5/1/1990,8.6,446.9168182,8.475446667,134.4,10.41,5.4,#N/A,7.75,#N/A,#N/A,#N/A
6/1/1990,8.43,456.7259091,8.351934762,135.1,10.22,5.2,#N/A,7.74,#N/A,#N/A,#N/A
7/1/1990,8.36,460.4171429,8.220880909,135.8,10.2,5.5,#N/A,7.49,9398.499,#N/A,#N/A
8/1/1990,8.86,458.5278261,8.090909091,136.6,10.41,5.7,#N/A,7.39,#N/A,#N/A,#N/A
9/1/1990,8.82,458.3535,8.1875,137.1,10.64,5.9,#N/A,7.14,#N/A,#N/A,#N/A
10/1/1990,8.65,462.563913,8.169157826,137.6,10.74,5.9,#N/A,7.11,9312.937,#N/A,#N/A
11/1/1990,8.26,469.9366667,8.164772727,138,10.62,6.2,#N/A,7.02,#N/A,#N/A,#N/A
12/1/1990,8.08,479.3005,7.921875263,138.6,10.43,6.3,#N/A,6.44,#N/A,#N/A,#N/A
1/1/1991,8.03,482.9786364,7.337358182,139.5,10.45,6.4,#N/A,6.19,9269.367,#N/A,#N/A
2/1/1991,8.02,493.1589474,6.7125,140.2,10.07,6.6,#N/A,6.04,#N/A,#N/A,#N/A
3/1/1991,8.05,493.5557143,6.56875,140.5,10.09,6.8,#N/A,5.74,#N/A,#N/A,#N/A
4/1/1991,8.02,502.33,6.223214286,140.9,9.94,6.7,#N/A,5.51,9341.642,#N/A,#N/A
5/1/1991,8.06,507.3104545,6.05952381,141.3,9.86,6.9,#N/A,5.53,#N/A,#N/A,#N/A
6/1/1991,8.24,506.5919048,6.20625,141.8,9.96,6.9,#N/A,5.54,#N/A,#N/A,#N/A
7/1/1991,8.2,511.4172727,6.138586957,142.3,9.89,6.8,#N/A,5.53,9388.845,#N/A,#N/A
8/1/1991,7.82,525.5930435,5.770833333,142.9,9.65,6.9,#N/A,5.33,#N/A,#N/A,#N/A
9/1/1991,7.47,534.6285,5.619047619,143.4,9.51,6.9,#N/A,5.11,#N/A,#N/A,#N/A
10/1/1991,7.47,541.0569565,5.470108696,143.7,9.49,7,#N/A,4.82,9421.565,#N/A,#N/A
11/1/1991,7.38,548.277619,5.071428571,144.2,9.45,7,#N/A,4.35,#N/A,#N/A,#N/A
12/1/1991,6.71,559.4409524,4.60625,144.7,9.26,7.3,#N/A,3.88,#N/A,#N/A,#N/A
1/1/1992,7.31,564.73,4.181463182,145.1,9.13,7.3,#N/A,3.84,9534.346,#N/A,#N/A
2/1/1992,7.27,562.5525,4.175,145.4,9.23,7.4,#N/A,3.93,#N/A,#N/A,#N/A
3/1/1992,7.54,562.1995455,4.386008636,145.9,9.25,7.4,#N/A,4.05,#N/A,#N/A,#N/A
4/1/1992,7.61,569.4428571,4.1703125,146.3,9.21,7.4,#N/A,3.7,9637.732,#N/A,#N/A
5/1/1992,7.33,576.3961905,3.960115263,146.8,9.13,7.6,#N/A,3.7,#N/A,#N/A,#N/A
6/1/1992,7.14,584.3277273,3.994318182,147.1,9.05,7.8,#N/A,3.57,#N/A,#N/A,#N/A
7/1/1992,6.72,600.3068182,3.516983478,147.6,8.84,7.7,#N/A,3.18,9732.979,#N/A,#N/A
8/1/1992,6.62,610.1528571,3.45,147.9,8.65,7.6,#N/A,3.16,#N/A,#N/A,#N/A
9/1/1992,6.37,617.547619,3.283735909,148.1,8.62,7.6,#N/A,2.69,#N/A,#N/A,#N/A
10/1/1992,6.8,613.883913,3.437145,148.8,8.84,7.3,#N/A,2.96,9834.51,#N/A,#N/A
11/1/1992,6.95,610.038,3.796131429,149.2,8.96,7.4,#N/A,3.27,#N/A,#N/A,#N/A
12/1/1992,6.7,616.6709091,3.636904762,149.6,8.81,7.4,#N/A,3.08,#N/A,#N/A,#N/A
1/1/1993,6.39,626.3285714,3.346875,150.1,8.67,7.3,43.9375,2.9,9850.973,#N/A,#N/A
2/1/1993,6.03,639.6335,3.238672,150.6,8.39,7.1,44.40625,2.95,#N/A,#N/A,#N/A
3/1/1993,6.03,652.0647826,3.240149565,150.8,8.15,7,45.1875,2.89,#N/A,#N/A,#N/A
4/1/1993,6.05,656.7347619,3.2265625,151.4,8.14,7.1,44.03125,2.91,9908.347,#N/A,#N/A
5/1/1993,6.16,658.6719048,3.243421053,151.8,8.21,7.1,45.21875,3.06,#N/A,#N/A,#N/A
6/1/1993,5.8,665.3068182,3.337713182,152.1,8.07,7,45.0625,3.03,#N/A,#N/A,#N/A
7/1/1993,5.83,675.1540909,3.294034091,152.3,7.93,6.9,44.84375,3.03,9955.641,#N/A,#N/A
8/1/1993,5.45,685.4695455,3.261904762,152.8,7.6,6.8,46.5625,3.01,#N/A,#N/A,#N/A
9/1/1993,5.4,699.8457143,3.210227273,152.9,7.34,6.7,45.9375,2.92,#N/A,#N/A,#N/A
10/1/1993,5.388,703.4422727,3.386904762,153.4,7.31,6.8,46.84375,3.03,10091.049,#N/A,#N/A
11/1/1993,5.795,694.1571429,3.488636364,153.9,7.66,6.6,46.34375,3.14,#N/A,#N/A,#N/A
12/1/1993,5.783,697.5877273,3.373511905,154.3,7.69,6.5,46.59375,3,#N/A,#N/A,#N/A
1/1/1994,5.638,703.3209524,3.271875,154.5,7.65,6.6,48.21875,2.97,10188.954,#N/A,#N/A
2/1/1994,6.15,699.8863158,3.553125,154.8,7.76,6.6,46.8125,3.36,#N/A,#N/A,#N/A
3/1/1994,6.774,684.6513043,3.877378261,155.3,8.13,6.5,44.59375,3.47,#N/A,#N/A,#N/A
4/1/1994,7.035,670.2305,4.131578947,155.5,8.52,6.4,45.09375,3.86,10327.019,#N/A,#N/A
5/1/1994,7.152,666.1233333,4.65,155.9,8.62,6.1,45.8125,4.17,#N/A,#N/A,#N/A
6/1/1994,7.329,672.6818182,4.637074091,156.4,8.65,6.1,44.46875,4.14,#N/A,#N/A,#N/A
7/1/1994,7.095,671.0871429,4.858259048,156.7,8.8,6.1,45.90625,4.27,10387.382,#N/A,#N/A
8/1/1994,7.165,677.4021739,4.918324091,157.1,8.74,6,47.65625,4.56,#N/A,#N/A,#N/A
9/1/1994,7.599,673.7871429,5.127840909,157.5,8.98,5.9,46.171875,4.67,#N/A,#N/A,#N/A
10/1/1994,7.793,668.4871429,5.622395714,157.8,9.2,5.8,47.484375,5.02,10506.372,#N/A,#N/A
11/1/1994,7.888,665.1990476,5.881037273,158.2,9.32,5.6,45.59375,5.55,#N/A,#N/A,#N/A
12/1/1994,7.827,673.3418182,6.384375,158.3,9.1,5.5,45.5625,5.53,#N/A,#N/A,#N/A
1/1/1995,7.593,678.8142857,6.337425714,159,9.08,5.6,47.09375,5.84,10543.644,#N/A,#N/A
2/1/1995,7.21,694.3973684,6.261719,159.4,8.85,5.4,49.015625,5.75,#N/A,#N/A,#N/A
3/1/1995,7.189,709.2482609,6.268682174,159.9,8.7,5.4,50.109375,5.7,#N/A,#N/A,#N/A
4/1/1995,7.046,720.167,6.236111111,160.4,8.6,5.8,51.59375,5.69,10575.1,#N/A,#N/A
5/1/1995,6.286,742.5831818,6.125,160.7,8.2,5.6,53.640625,5.63,#N/A,#N/A,#N/A
6/1/1995,6.203,764.0472727,6.005859091,161.1,7.9,5.6,54.40625,5.43,#N/A,#N/A,#N/A
7/1/1995,6.429,764.0385,5.897879524,161.4,8.04,5.7,56.15625,5.42,10665.06,#N/A,#N/A
8/1/1995,6.273,760.4778261,5.902166364,161.8,8.19,5.7,56.40625,5.27,#N/A,#N/A,#N/A
9/1/1995,6.157,777.1161905,5.864211429,162.2,7.93,5.6,58.484375,5.24,#N/A,#N/A,#N/A
10/1/1995,6.003,788.8113636,5.9375,162.7,7.75,5.5,58.3125,5.31,10737.478,#N/A,#N/A
11/1/1995,5.745,797.6161905,5.877485909,163,7.68,5.6,60.90625,5.32,#N/A,#N/A,#N/A
12/1/1995,5.575,811.7571429,5.765214211,163.1,7.49,5.6,61.484375,4.96,#N/A,#N/A,#N/A
1/1/1996,5.581,818.8818182,5.542791818,163.7,7.47,5.6,63.671875,4.91,10817.896,#N/A,#N/A
2/1/1996,6.112,816.81,5.275111429,164,7.63,5.5,63.875,4.88,#N/A,#N/A,#N/A
3/1/1996,6.334,800.6531818,5.39416,164.4,8.03,5.5,64.6875,5,#N/A,#N/A,#N/A
4/1/1996,6.633,794.7595455,5.4939465,164.6,8.19,5.6,65.390625,5.01,10998.322,#N/A,#N/A
5/1/1996,6.844,792.7490909,5.496651905,165,8.3,5.6,66.875,5.04,#N/A,#N/A,#N/A
6/1/1996,6.711,791.8971429,5.5697275,165.4,8.4,5.3,67.109375,5.03,#N/A,#N/A,#N/A
7/1/1996,6.79,798.9481818,5.640285652,165.7,8.35,5.5,64.09375,5.18,11096.976,#N/A,#N/A
8/1/1996,6.936,813.6265217,5.52734381,166,8.18,5.1,65.328125,5.14,#N/A,#N/A,#N/A
9/1/1996,6.699,809.8845,5.617745714,166.5,8.35,5.2,68.625,4.91,#N/A,#N/A,#N/A
10/1/1996,6.349,829.2952174,5.544837391,166.8,8.07,5.2,70.84375,5.01,11212.205,#N/A,#N/A
11/1/1996,6.04,850.3595238,5.5,167.2,7.79,5.4,76.015625,4.99,#N/A,#N/A,#N/A
12/1/1996,6.407,850.4671429,5.5517585,167.4,7.89,5.4,73.84375,5.05,#N/A,#N/A,#N/A
1/1/1997,6.503,843.2759091,5.565340909,167.8,8.09,5.3,78.40625,5.01,11284.587,#N/A,#N/A
2/1/1997,6.535,856.1121053,5.510157,168.1,7.94,5.2,79.15625,5.07,#N/A,#N/A,#N/A
3/1/1997,6.907,847.5865,5.62459,168.4,8.18,5.2,75.375,5.17,#N/A,#N/A,#N/A
4/1/1997,6.702,843.4654545,5.830079091,168.9,8.34,5.1,80.09375,5.1,11472.137,#N/A,#N/A
5/1/1997,6.663,857.6713636,5.819141,169.2,8.2,4.9,85.15625,4.82,#N/A,#N/A,#N/A
6/1/1997,6.502,873.1652381,5.841890476,169.4,8.02,5,88.3125,5.05,#N/A,#N/A,#N/A
7/1/1997,6.004,893.3854545,5.745074348,169.7,7.75,4.9,95.3125,5.1,11615.636,#N/A,#N/A
8/1/1997,6.33,893.8245455,5.725391,169.8,7.82,4.8,90.375,5.09,#N/A,#N/A,#N/A
9/1/1997,6.107,903.1066667,5.723899091,170.2,7.7,4.9,94.375,4.97,#N/A,#N/A,#N/A
10/1/1997,5.819,916.2891304,5.766474348,170.6,7.57,4.7,92.0625,5.06,11715.393,#N/A,#N/A
11/1/1997,5.851,922.9271429,5.840625,170.8,7.42,4.6,95.625,5.06,#N/A,#N/A,#N/A
12/1/1997,5.739,930.96,5.906760476,171.2,7.32,4.7,97.0625,5.2,#N/A,#N/A,#N/A
1/1/1998,5.512,947.6168182,5.64955381,171.6,7.19,4.6,98.3125,5.04,11832.486,#N/A,#N/A
2/1/1998,5.616,946.9109524,5.6335945,171.9,7.25,4.6,105.125,5.18,#N/A,#N/A,#N/A
3/1/1998,5.662,948.4981818,5.688032727,172.2,7.32,4.7,109.9375,4.99,#N/A,#N/A,#N/A
4/1/1998,5.667,955.527619,5.689258,172.5,7.33,4.3,111.34375,4.85,11942.032,#N/A,#N/A
5/1/1998,5.546,960.6636364,5.692229474,172.9,7.3,4.4,109.03125,4.89,#N/A,#N/A,#N/A
6/1/1998,5.434,973.5368182,5.689453182,173.2,7.13,4.5,113.3125,4.97,#N/A,#N/A,#N/A
7/1/1998,5.494,977.85,5.688858696,173.5,7.15,4.5,111.78125,4.95,12091.614,#N/A,#N/A
8/1/1998,5.032,984.4795238,5.684375,174,7.14,4.5,96,4.76,#N/A,#N/A,#N/A
9/1/1998,4.41,990.3086364,5.499645,174.2,7.09,4.6,101.75,4.25,#N/A,#N/A,#N/A
10/1/1998,4.603,1000.633478,5.27314,174.4,7.18,4.5,110,4.21,12287,#N/A,#N/A
11/1/1998,4.726,991.2385714,5.323245238,174.8,7.34,4.4,116.125,4.42,#N/A,#N/A,#N/A
12/1/1998,4.638,1015.807273,5.227567619,175.4,7.23,4.4,123.3125,4.35,#N/A,#N/A,#N/A
1/1/1999,4.653,1018.608571,5.0041485,175.6,7.29,4.3,127.65625,4.36,12403.293,#N/A,#N/A
2/1/1999,5.272,1010.46619,4.9959925,175.6,7.39,4.4,123.5625,4.55,#N/A,#N/A,#N/A
3/1/1999,5.234,1008.230435,5.005197391,175.7,7.53,4.2,128.375,4.36,#N/A,#N/A,#N/A
4/1/1999,5.35,1018.585909,4.99825,176.3,7.48,4.3,133.25,4.43,12498.694,#N/A,#N/A
5/1/1999,5.611,1005.664286,5.024109474,176.5,7.72,4.2,130.203125,4.51,#N/A,#N/A,#N/A
6/1/1999,5.81,988.2118182,5.178806818,176.6,8.02,4.3,137,4.67,#N/A,#N/A,#N/A
7/1/1999,5.907,997.0808696,5.309545455,177.1,7.95,4.3,132.75,4.62,12662.385,#N/A,#N/A
8/1/1999,5.979,987.9795455,5.449911429,177.3,8.15,4.2,132.0625,4.85,#N/A,#N/A,#N/A
9/1/1999,5.885,992.3531818,5.565568182,177.8,8.2,4.2,128.75,4.71,#N/A,#N/A,#N/A
10/1/1999,6.003,989.9172727,6.182291905,178.1,8.38,4.1,137,4.96,12877.593,#N/A,#N/A
11/1/1999,6.163,1004.352727,6.102528636,178.4,8.15,4.1,139.28125,5.15,#N/A,#N/A,#N/A
12/1/1999,6.435,1001.323913,6.1265625,178.7,8.19,4,146.875,5.17,#N/A,#N/A,#N/A
1/1/2000,6.667,992.5595238,6.0391565,179.3,8.33,4,139.5625,5.53,12924.179,#N/A,#N/A
2/1/2000,6.409,1002.363333,6.099761905,179.4,8.29,4.1,137.4375,5.64,#N/A,#N/A,#N/A
3/1/2000,6.023,1008.325652,6.197038261,180,8.37,4,150.375,5.72,#N/A,#N/A,#N/A
4/1/2000,6.214,1014.294,6.31191,180.3,8.4,3.8,145.09375,5.65,13160.842,#N/A,#N/A
5/1/2000,6.285,990.6047826,6.755654762,180.7,8.9,4,142.8125,5.49,#N/A,#N/A,#N/A
6/1/2000,6.018,1012.085909,6.790142727,181.1,8.48,4,145.28125,5.7,#N/A,#N/A,#N/A
7/1/2000,6.029,1026.317143,6.731875238,181.5,8.35,4,143,6.02,13178.419,#N/A,#N/A
8/1/2000,5.729,1041.294348,6.691449091,181.9,8.26,4.1,152.34375,6.11,#N/A,#N/A,#N/A
9/1/2000,5.778,1047.870909,6.674226667,182.3,8.35,3.9,143.625,6.03,#N/A,#N/A,#N/A
10/1/2000,5.757,1055.827727,6.778353182,182.6,8.34,3.9,142.953125,6.15,13260.506,#N/A,#N/A
11/1/2000,5.439,1058.913182,6.751735,183.1,8.28,3.9,132.28125,6.01,#N/A,#N/A,#N/A
12/1/2000,5.11,1081.674762,6.545132105,183.3,8.02,3.9,131.1875,5.73,#N/A,#N/A,#N/A
1/1/2001,5.179,1102.289545,5.698181818,183.9,7.93,4.2,137.020004,4.84,13222.69,#N/A,#N/A
2/1/2001,4.908,1118.2795,5.3481565,184.4,7.87,4.2,123.949997,4.72,#N/A,1.000219015,1.003573328
3/1/2001,4.915,1135.408261,4.963977273,184.7,7.84,4.3,116.690002,4.18,#N/A,1.004854087,1.010592062
4/1/2001,5.338,1131.094,4.613881579,185.1,8.07,4.4,126.660004,3.83,13299.984,1.009203098,1.013774227
5/1/2001,5.413,1137.175217,4.103660952,185.3,8.07,4.3,125.949997,3.54,#N/A,1.014459458,1.011814183
6/1/2001,5.39,1153.920455,3.834078095,186,7.97,4.5,122.599998,3.56,#N/A,1.018978318,1.017645684
7/1/2001,5.037,1163.414091,3.751136364,186.4,7.97,4.6,121.349998,3.44,13244.784,1.022205436,1.019496837
8/1/2001,4.816,1184.341739,3.566022727,186.7,7.85,4.9,114.150002,3.28,#N/A,1.02608066,1.041215904
9/1/2001,4.575,1190.176667,3.034563,187.1,8.03,5,104.440002,2.3,#N/A,1.029535733,1.05423212
10/1/2001,4.263,1204.919565,2.400054348,187.4,7.91,5.3,105.800003,2.01,13280.859,1.034309365,1.06796406
11/1/2001,4.744,1211.354545,2.102983636,188.1,7.81,5.5,114.050003,1.73,#N/A,1.037388984,1.089739158
12/1/2001,5.032,1198.475,1.924309474,188.4,8.05,5.7,114.300003,1.67,#N/A,1.039574664,1.073819877
1/1/2002,5.025,1213.242273,1.820597273,188.7,7.87,5.7,113.18,1.72,13397.002,1.041648602,1.066993552
2/1/2002,4.859,1215.0535,1.9031875,189.1,7.89,5.7,111.150002,1.72,#N/A,1.043262161,1.077751595
3/1/2002,5.406,1202.949524,1.987875,189.2,8.11,5.7,114.519997,1.74,#N/A,1.044902538,1.081493017
4/1/2002,5.091,1212.876818,1.966964286,189.7,8.03,5.9,107.860001,1.73,13478.152,1.046511628,1.067403745
5/1/2002,5.043,1215.523913,1.904545455,190,8.09,5.8,107.220001,1.705,#N/A,1.048679429,1.089400854
6/1/2002,4.824,1235.713333,1.877605556,190.2,7.95,5.8,98.959999,1.659,#N/A,1.050489655,1.097952525
7/1/2002,4.465,1234.166522,1.848451304,190.5,7.9,5.8,91.160004,1.665,13538.072,1.052326699,1.108139681
8/1/2002,4.137,1246.720435,1.774851429,191.1,7.58,5.7,91.779999,1.645,#N/A,1.054136925,1.12408222
9/1/2002,3.607,1276.544286,1.804614286,191.3,7.4,5.7,81.790001,1.527,#N/A,1.055629802,1.139729801
10/1/2002,3.911,1260.166087,1.784538696,191.5,7.73,5.7,88.519997,1.417,13559.032,1.05740427,1.155079253
11/1/2002,4.213,1285.508182,1.455878095,191.9,7.62,5.9,93.980003,1.202,#N/A,1.059277072,1.150862092
12/1/2002,3.818,1308.384286,1.40725,192.1,7.45,6,88.230003,1.182,#N/A,1.061100707,1.152608582
1/1/2003,3.975,1324.679091,1.366051818,192.4,7.35,5.8,86.059998,1.148,13634.253,1.062535478,1.1764135
2/1/2003,3.696,1343.7215,1.343344,192.5,7.06,5.9,84.900002,1.175,#N/A,1.063867447,1.177419952
3/1/2003,3.823,1356.488571,1.286235714,192.5,6.95,5.9,84.739998,1.09,#N/A,1.065011688,1.193718766
4/1/2003,3.857,1366.996667,1.300469,192.5,6.85,6,91.910004,1.101,13751.543,1.066379414,1.192690113
5/1/2003,3.35,1416.055217,1.2845,192.9,6.38,6.1,96.949997,1.085,#N/A,1.06746108,1.202862468
6/1/2003,3.528,1440.858571,1.12253,193,6.19,6.3,97.629997,0.838,#N/A,1.068587443,1.225063617
7/1/2003,4.474,1406.513913,1.109538696,193.4,6.62,6.2,99.389999,0.927,13985.073,1.07008032,1.221779961
8/1/2003,4.454,1374.831818,1.134844,193.6,7.01,6.1,101.440002,0.96,#N/A,1.071032365,1.180933019
9/1/2003,3.937,1400.100455,1.142457727,193.7,6.79,6.1,99.949997,0.926,#N/A,1.072011228,1.189366284
10/1/2003,4.301,1411.03913,1.158370435,194,6.73,6,105.300003,0.932,14145.645,1.07314653,1.220869714
11/1/2003,4.32,1418.170476,1.1723445,194,6.66,5.8,106.449997,0.908,#N/A,1.074196908,1.209469953
12/1/2003,4.257,1432.238182,1.170328095,194.2,6.6,5.7,111.279999,0.907,#N/A,1.075269634,1.209274371
1/1/2004,4.138,1453.823182,1.128154762,194.6,6.44,5.7,113.480003,0.897,14221.147,1.076409406,1.224698884
2/1/2004,3.984,1462.348095,1.124094,194.9,6.27,5.6,115.019997,0.927,#N/A,1.07751342,1.234554079
3/1/2004,3.837,1485.402609,1.112173913,195.5,6.11,5.8,113.099998,0.923,#N/A,1.078612965,1.247854682
4/1/2004,4.501,1452.004762,1.151938,195.9,6.46,5.6,110.959999,0.952,14329.523,1.079694631,1.254557314
5/1/2004,4.655,1423.698095,1.253322632,196.2,6.75,5.6,112.860001,1.052,#N/A,1.0805841,1.224549819
6/1/2004,4.617,1426.317727,1.500597273,196.6,6.78,5.6,114.529999,1.303,#N/A,1.081621068,1.216853421
7/1/2004,4.475,1450.434783,1.62804,196.8,6.62,5.5,110.839996,1.412,14464.984,1.082599931,1.229832635
8/1/2004,4.132,1472.207727,1.729166667,196.9,6.46,5.4,111.110001,1.568,#N/A,1.084034703,1.238698294
9/1/2004,4.119,1492.724545,1.903892727,197.5,6.27,5.4,111.760002,1.674,#N/A,1.08567955,1.262769625
10/1/2004,4.029,1502.988636,2.082500476,197.9,6.21,5.5,113.199997,1.867,14609.876,1.086971291,1.262503211
11/1/2004,4.358,1503.455,2.306108182,198.3,6.2,5.4,117.889999,2.182,#N/A,1.088750229,1.273535068
12/1/2004,4.216,1511.547727,2.499137143,198.6,6.15,5.4,120.870003,2.182,#N/A,1.09033697,1.265675861
1/1/2005,4.133,1519.235714,2.66675,199,6.02,5.3,118.160004,2.422,14771.602,1.092388559,1.277835747
2/1/2005,4.359,1531.408,2.819501,199.4,5.82,5.4,120.629997,2.69,#N/A,1.09470833,1.285678039
3/1/2005,4.496,1508.815,3.023511905,200.1,6.06,5.2,117.959999,2.722,#N/A,1.096862722,1.277532332
4/1/2005,4.201,1514.068636,3.153262857,200.2,6.05,5.2,115.75,2.837,14839.782,1.099459614,1.274386112
5/1/2005,4.006,1526.767273,3.2740195,200.5,6.01,5.1,119.480003,2.882,#N/A,1.102083324,1.288908835
6/1/2005,3.945,1547.707727,3.426251364,200.6,5.86,5,119.18,3.06,#N/A,1.105225518,1.30836127
7/1/2005,4.286,1541.775909,3.613024762,200.9,5.95,5,123.739998,3.332,14972.054,1.108095061,1.3050755
8/1/2005,4.02,1542.629565,3.799024091,201.1,5.96,4.9,122.580002,3.43,#N/A,1.111273013,1.296263758
9/1/2005,4.328,1550.342727,3.905717727,201.3,6.03,5,123.040001,3.47,#N/A,1.114741495,1.31600798
10/1/2005,4.559,1530.930476,4.167400476,202,6.3,5,120.129997,3.805,15066.597,1.117803235,1.301130038
11/1/2005,4.5,1526.393182,4.352234091,202.5,6.39,5,125.410004,3.857,#N/A,1.121620353,1.289764108
12/1/2005,4.395,1537.5,4.4910015,202.8,6.32,4.9,124.510002,3.985,#N/A,1.125334668,1.294962348
1/1/2006,4.527,1548.825714,4.605268571,203.2,6.24,4.7,127.5,4.37,15267.026,1.12925012,1.308868725
2/1/2006,4.547,1543.517,4.755547,203.6,6.27,4.8,128.229996,4.507,#N/A,1.133719813,1.306612665
3/1/2006,4.853,1538.347391,4.920291304,204.3,6.41,4.7,129.830002,4.515,#N/A,1.137679961,1.310676532
4/1/2006,5.069,1523.8885,5.071153889,204.8,6.68,4.7,131.470001,4.65,15302.705,1.142033442,1.300403744
5/1/2006,5.113,1523.191739,5.185510952,205.4,6.75,4.6,127.510002,4.715,#N/A,1.146802605,1.294398862
6/1/2006,5.138,1524.194091,5.384803182,205.9,6.78,4.6,127.279999,4.86,#N/A,1.151611995,1.297472135
7/1/2006,4.988,1532.780476,5.495328571,206.3,6.76,4.7,127.849998,4.935,15326.368,1.156108506,1.299411035
8/1/2006,4.732,1559.41913,5.420697273,206.8,6.59,4.7,130.639999,4.905,#N/A,1.16188782,1.317706896
9/1/2006,4.633,1581.891818,5.383664762,207.2,6.43,4.5,133.580002,4.76,#N/A,1.167586679,1.338056892
10/1/2006,4.606,1589.332273,5.37334,207.6,6.42,4.4,137.789993,4.94,15456.928,1.172556977,1.348887881
11/1/2006,4.458,1613.138182,5.372078636,207.8,6.2,4.5,140.529999,4.89,#N/A,1.178336291,1.360814127
12/1/2006,4.71,1623.18,5.359968421,208.1,6.22,4.4,141.619995,4.885,#N/A,1.18359712,1.376342244
1/1/2007,4.826,1616.036818,5.360011364,208.6,6.34,4.6,143.75,4.975,15493.328,1.188522722,1.365591602
2/1/2007,4.55,1629.5225,5.3594065,209.135,6.28,4.5,140.929993,4.995,#N/A,1.19452552,1.364680298
3/1/2007,4.648,1646.146957,5.347145455,209.418,6.27,4.4,142,4.895,#N/A,1.199522637,1.386044146
4/1/2007,4.63,1641.752,5.354764211,209.747,6.39,4.5,148.289993,4.725,15582.085,1.204653845,1.386122379
5/1/2007,4.89,1645.143636,5.358914286,210.058,6.39,4.4,153.320007,4.59,#N/A,1.210357173,1.392925445
6/1/2007,5.033,1619.488182,5.36,210.392,6.7,4.6,150.429993,4.67,#N/A,1.215921941,1.379212536
7/1/2007,4.771,1626.956818,5.359655,210.773,6.65,4.7,145.720001,4.81,15666.738,1.220989679,1.37894295
8/1/2007,4.537,1637.414783,5.482706364,211.119,6.65,4.6,147.589996,3.99,#N/A,1.226988455,1.391104951
9/1/2007,4.579,1652.19619,5.493939,211.554,6.59,4.7,152.580002,3.7,#N/A,1.231708451,1.407489399
10/1/2007,4.475,1670.488261,5.146522609,212.077,6.48,4.7,154.649994,3.82,15761.967,1.238699051,1.419645056
11/1/2007,3.972,1686.790909,4.962075,212.66,6.4,4.7,148.660004,3.07,#N/A,1.245521591,1.437247396
12/1/2007,4.035,1677.9715,4.979408947,213.168,6.65,5,146.210007,3.14,#N/A,1.249630133,1.456635342
1/1/2008,3.639,1706.72,3.917643182,213.771,6.54,5,137.369995,1.87,15671.383,1.256233658,1.460727754
2/1/2008,3.534,1698.756667,3.087590476,213.939,6.82,4.9,133.820007,1.785,#N/A,1.265656218,1.488316381
3/1/2008,3.432,1688.3195,2.782501053,214.42,6.89,5.1,131.970001,1.275,#N/A,1.268744776,1.487325787
4/1/2008,3.759,1685.947727,2.79466,214.56,6.97,5,138.259995,1.34,15752.308,1.27302853,1.485556038
5/1/2008,4.046,1695.932174,2.692378,214.936,6.93,5.4,140.350006,1.85,#N/A,1.275683081,1.491223674
6/1/2008,3.979,1676.942857,2.765389524,215.424,7.07,5.6,127.980003,1.705,#N/A,1.278891874,1.478359695
7/1/2008,3.979,1664.563913,2.79233913,215.965,7.16,5.8,126.830002,1.635,15667.032,1.282199,1.475299108
8/1/2008,3.813,1670.037273,2.8062525,216.393,7.15,6.1,128.789993,1.69,#N/A,1.285675974,1.477231665
9/1/2008,3.827,1631.562273,3.121677273,216.713,7.31,6.1,115.989998,0.9,#N/A,1.288805653,1.489969838
10/1/2008,3.97,1477.168696,4.058586957,216.788,8.88,6.5,96.830002,0.435,15328.027,1.28849635,1.473220657
11/1/2008,2.957,1476.85381,2.279063,216.947,9.21,6.8,90.089996,0.02,#N/A,1.296945859,1.435261979
12/1/2008,2.244,1536.670455,1.829345714,216.925,8.43,7.3,90.239998,0.115,#N/A,1.302597786,1.489466612
1/1/2009,2.844,1588.138636,1.210805238,217.346,8.14,7.8,82.830002,0.22,15155.94,1.307959183,1.537273086
2/1/2009,3.041,1581.569524,1.242627,217.792,8.08,8.3,73.93,0.25,#N/A,1.310941362,1.523705012
3/1/2009,2.685,1540.550909,1.266737273,218.253,8.42,8.7,79.519997,0.2,#N/A,1.312800308,1.517951743
4/1/2009,3.124,1573.119524,1.1062215,218.706,8.39,9,87.419998,0.125,15134.117,1.315621578,1.540891873
5/1/2009,3.465,1637.321818,0.815034211,218.904,8.06,9.4,92.529999,0.13,#N/A,1.318141144,1.544459915
6/1/2009,3.523,1690.332727,0.620712273,219.112,7.5,9.5,91.949997,0.18,#N/A,1.320838604,1.54682698
7/1/2009,3.501,1741.476522,0.515327826,219.263,7.09,9.5,98.809998,0.175,15189.222,1.322274269,1.567087114
8/1/2009,3.401,1800.885238,0.4245185,219.496,6.58,9.6,102.459999,0.13,#N/A,1.323719321,1.591759991
9/1/2009,3.307,1843.083182,0.297949091,219.92,6.31,9.8,105.589996,0.115,#N/A,1.32509107,1.609804239
10/1/2009,3.392,1865.590435,0.283082273,220.501,6.29,10,103.559998,0.045,15356.058,1.325710569,1.631201917
11/1/2009,3.201,1884.53619,0.268140952,220.666,6.32,9.9,109.940002,0.05,#N/A,1.326119546,1.633164076
12/1/2009,3.843,1890.590455,0.25304619,220.881,6.37,9.9,111.440002,0.05,#N/A,1.326587076,1.650596207
1/1/2010,3.609,1913.257619,0.2501195,220.633,6.25,9.8,107.389999,0.07,15415.145,1.326918728,1.62843946
2/1/2010,3.595,1913.277143,0.2505195,220.731,6.34,9.8,110.739998,0.115,#N/A,1.327250379,1.650710384
3/1/2010,3.833,1932.602609,0.268424783,220.783,6.27,9.9,117,0.15,#N/A,1.32753331,1.659216595
4/1/2010,3.663,1949.580476,0.3116065,220.822,6.25,9.9,118.809998,0.155,15557.277,1.327771098,1.655178101
5/1/2010,3.301,1967.892857,0.458514211,220.962,6.05,9.6,109.370003,0.15,#N/A,1.328006204,1.674709826
6/1/2010,2.951,1969.855909,0.536898636,221.194,6.23,9.4,103.220001,0.17,#N/A,1.328134484,1.689510592
7/1/2010,2.907,2013.766957,0.510327727,221.363,6.01,9.4,110.269997,0.14,15671.967,1.329081612,1.716248175
8/1/2010,2.477,2065.521818,0.362546667,221.509,5.66,9.5,105.309998,0.135,#N/A,1.330211104,1.733587272
9/1/2010,2.517,2077.780909,0.291365909,221.711,5.66,9.5,114.129997,0.155,#N/A,1.331365178,1.750178931
10/1/2010,2.612,2102.884091,0.28884,221.83,5.72,9.4,118.489998,0.11,15750.625,1.331763875,1.757860528
11/1/2010,2.797,2089.729091,0.287120455,222.149,5.92,9.8,118.489998,0.16,#N/A,1.332169276,1.764056763
12/1/2010,3.305,2052.337826,0.302723333,222.343,6.1,9.3,125.75,0.115,#N/A,1.332487071,1.742525878
1/1/2011,3.378,2065.193333,0.3034105,222.803,6.09,9.1,128.679993,0.145,15712.754,1.332896942,1.734966915
2/1/2011,3.414,2061.709,0.3119,223.213,6.15,9,133.149994,0.135,#N/A,1.33330145,1.733053387
3/1/2011,3.454,2086.432609,0.308434783,223.454,6.03,9,132.589996,0.09,#N/A,1.333701487,1.742145286
4/1/2011,3.296,2098.341429,0.281382222,223.727,6.02,9.1,136.429993,0.04,15825.096,1.334172593,1.742134714
5/1/2011,3.05,2138.520455,0.260713,224.175,5.78,9,134.899994,0.04,#N/A,1.334651297,1.764409867
6/1/2011,3.158,2148.165455,0.247824091,224.697,5.75,9.1,131.970001,0.015,#N/A,1.335148327,1.793546232
7/1/2011,2.805,2156.282727,0.249911905,225.218,5.76,9,129.330002,0.09,15820.7,1.335543895,1.780003531
8/1/2011,2.218,2193.306087,0.293237727,225.862,5.36,9,122.220001,0.015,#N/A,1.335904599,1.815239926
9/1/2011,1.924,2193.767727,0.350226818,226.118,5.27,9,113.150002,0.01,#N/A,1.336160265,1.842906786
10/1/2011,2.175,2178.720952,0.406478571,226.506,5.37,8.8,125.5,0.005,16004.107,1.336601871,1.850296597
11/1/2011,2.068,2208.572727,0.475291818,226.899,5.14,8.6,124.989998,0.015,#N/A,1.337200363,1.86187291
12/1/2011,1.871,2202.707727,0.5557375,227.405,5.25,8.5,125.5,0.005,#N/A,1.337803772,1.847600743
1/1/2012,1.799,2232.347619,0.5659,227.877,5.23,8.3,131.320007,0.055,16129.418,1.338719612,1.871017669
2/1/2012,1.977,2270.48619,0.503240476,228.034,5.14,8.3,137.020004,0.075,#N/A,1.340102982,1.884771809
3/1/2012,2.216,2274.445217,0.473288636,228.478,5.23,8.2,140.809998,0.065,#N/A,1.341260632,1.883735756
4/1/2012,1.915,2289.2365,0.466807895,228.905,5.19,8.2,139.869995,0.09,16198.807,1.342209548,1.876673676
5/1/2012,1.581,2308.083478,0.466531818,229.224,5.07,8.2,131.470001,0.06,#N/A,1.34320629,1.894952622
6/1/2012,1.659,2320.145,0.465586842,229.623,5.02,8.2,136.100006,0.08,#N/A,1.34415744,1.920135068
7/1/2012,1.492,2368.715,0.453554545,229.97,4.87,8.2,137.710007,0.1,16220.667,1.345046909,1.915398822
8/1/2012,1.562,2382.442609,0.4326,230.233,4.91,8.1,141.160004,0.085,#N/A,1.346089689,1.938688885
9/1/2012,1.637,2402.368095,0.3856325,230.659,4.84,7.8,143.970001,0.09,#N/A,1.346988991,1.943086827
10/1/2012,1.686,2434.832273,0.33048913,231.024,4.58,7.8,141.350006,0.105,16239.138,1.347924498,1.947114749
11/1/2012,1.606,2448.289091,0.311022727,231.33,4.51,7.7,142.149994,0.075,#N/A,1.348653952,1.947051317
12/1/2012,1.756,2446.759,0.309473684,231.725,4.63,7.9,142.410004,0.035,#N/A,1.349155004,1.952665036
1/1/2013,1.985,2444.228182,0.302613636,232.229,4.73,8,149.699997,0.065,16382.964,1.349745451,1.949884607
2/1/2013,1.888,2436.199,0.290495,232.569,4.85,7.7,151.610001,0.1,#N/A,1.350323829,1.934639818
3/1/2013,1.852,2444.580952,0.2819,232.794,4.85,7.5,156.669998,0.065,#N/A,1.350801639,1.947537628
4/1/2013,1.675,2478.866364,0.277142857,232.832,4.59,7.6,159.679993,0.045,16403.18,1.351275427,1.949345436
5/1/2013,2.164,2469.908696,0.274169048,232.996,4.73,7.5,163.449997,0.03,#N/A,1.351745192,1.969907929
6/1/2013,2.478,2396.502857,0.27374,233.35,5.19,7.5,160.419998,0.03,#N/A,1.352182775,1.932113116
7/1/2013,2.593,2377.523478,0.267582609,233.88,5.32,7.3,168.710007,0.03,16531.685,1.352654774,1.90339963
8/1/2013,2.749,2368.11619,0.263395238,234.336,5.42,7.2,163.649994,0.02,#N/A,1.353116494,1.894529743
9/1/2013,2.615,2366.272381,0.253178571,234.7,5.47,7.2,168.009995,0.005,#N/A,1.353546478,1.895090057
10/1/2013,2.542,2406.61,0.241765217,234.921,5.31,7.2,175.789993,0.033,16663.649,1.354014008,1.911053741
11/1/2013,2.741,2411.140455,0.238245238,235.359,5.38,6.9,181,0.055,#N/A,1.354424773,1.923000073
12/1/2013,3.026,2412.949048,0.2438975,235.759,5.38,6.7,184.690002,0.063,#N/A,1.354768492,1.921276841
1/1/2014,2.668,2440.040455,0.238229545,235.961,5.19,6.6,178.179993,0.01,16616.54,1.355155568,1.910419422
2/1/2014,2.658,2465.198,0.2352025,236.185,5.1,6.7,186.289993,0.043,#N/A,1.355578401,1.938646597
3/1/2014,2.723,2477.334762,0.234097619,236.625,5.06,6.7,187.009995,0.028,#N/A,1.355945809,1.948954273
4/1/2014,2.648,2502.297619,0.227495,237.072,4.9,6.2,188.309998,0.02,16841.475,1.356387862,1.943541422
5/1/2014,2.457,2536.724783,0.22609,237.529,4.76,6.3,192.679993,0.03,#N/A,1.356784771,1.966461465
6/1/2014,2.516,2541.179048,0.230945238,237.837,4.8,6.1,195.720001,0.02,#N/A,1.357130278,1.984391535
7/1/2014,2.556,2555.597391,0.234173913,238.195,4.73,6.2,193.089996,0.018,17047.098,1.357527187,1.981008503
8/1/2014,2.343,2573.577727,0.23465,238.405,4.69,6.1,200.710007,0.018,#N/A,1.357915603,1.985152717
9/1/2014,2.508,2563.08,0.234031818,238.786,4.8,5.9,197.020004,0.013,#N/A,1.358305807,2.002300462
10/1/2014,2.335,2588.87,0.231376087,239.191,4.69,5.7,201.660004,0.003,17143.038,1.358741156,1.998568555
11/1/2014,2.194,2581.171429,0.2328625,239.458,4.79,5.8,207.199997,0.005,#N/A,1.359121526,2.008252484
12/1/2014,2.17,2586.297727,0.244607143,239.584,4.74,5.6,205.539993,0.037,#N/A,1.359495193,2.020230533
1/1/2015,1.675,2637.532381,0.254319048,239.825,4.45,5.7,199.449997,0.005,17277.58,1.359835783,2.024395891
2/1/2015,2.002,2635.909048,0.25842,240.141,4.51,5.5,210.660004,0.008,#N/A,1.36026398,2.066842373
3/1/2015,1.934,2637.187727,0.268297727,240.739,4.54,5.4,206.429993,0.025,#N/A,1.36064748,2.047411082
4/1/2015,2.046,2661.372381,0.27596,241.337,4.48,5.4,208.460007,0.005,17405.669,1.361130207,2.063184469
5/1/2015,2.095,2615.562381,0.279536842,241.628,4.89,5.6,211.139999,0.003,#N/A,1.361580752,2.042865132
6/1/2015,2.335,2583.551818,0.282711364,242.036,5.13,5.3,205.850006,0.01,#N/A,1.362074653,2.034893863
7/1/2015,2.205,2585.241304,0.290669565,242.504,5.2,5.2,210.5,0.058,17463.222,1.362556039,2.014565011
8/1/2015,2.2,2593.554762,0.3207975,242.79,5.19,5.1,199.160004,0.05,#N/A,1.362976637,2.03636231
9/1/2015,2.06,2589.322727,0.331111364,243.324,5.34,5,191.630005,0.005,#N/A,1.363495568,2.035248024
10/1/2015,2.151,2609.023913,0.321359091,243.786,5.34,5,208.889999,0.068,17468.902,1.3641325,2.048504224
11/1/2015,2.218,2594.566667,0.370971429,244.33,5.46,5.1,208.690002,0.17,#N/A,1.364681825,2.04753266
12/1/2015,2.269,2589.293182,0.533235714,244.61,5.46,5,203.869995,0.148,#N/A,1.365132817,2.048828784
1/1/2016,1.931,2589.801905,0.6195525,245.108,5.45,4.9,193.720001,0.3,17556.839,1.365419771,2.035523952
2/1/2016,1.74,2596.205714,0.622719048,245.684,5.34,4.9,193.559998,0.308,#N/A,1.366512164,2.058833044
3/1/2016,1.786,2637.465455,0.632,245.986,5.13,5,205.520004,0.193,#N/A,1.367493262,2.070450588
4/1/2016,1.819,2698.538636,0.63275,246.477,4.79,5,206.330002,0.193,17639.417,1.368636609,2.096359329
5/1/2016,1.834,2714.544545,0.6447725,247.018,4.68,4.8,209.839996,0.283,#N/A,1.369641843,2.105291591
6/1/2016,1.488,2747.050909,0.651620455,247.431,4.53,4.9,209.479996,0.248,#N/A,1.370715911,2.104737619
7/1/2016,1.458,2801.118636,0.696309524,247.763,4.22,4.8,217.119995,0.24,17735.074,1.371939266,2.14818421
8/1/2016,1.568,2811.48913,0.810223182,248.384,4.24,4.9,217.380005,0.32,#N/A,1.372846614,2.152741789
9/1/2016,1.608,2807.595455,0.849680455,248.742,4.31,5,216.300003,0.26,#N/A,1.374166961,2.154300098
10/1/2016,1.834,2800.969524,0.878682857,249.103,4.38,4.9,212.550003,0.295,17824.231,1.375682187,2.153492399
11/1/2016,2.368,2742.239545,0.908464091,249.599,4.71,4.7,220.380005,0.468,#N/A,1.377449504,2.138248668
12/1/2016,2.479,2714.276364,0.9753285,250.029,4.83,4.7,223.529999,0.48,#N/A,1.379002275,2.078463089
1/1/2017,2.451,2744.615238,1.025692857,250.629,4.66,4.7,227.529999,0.5,17925.256,1.380541637,2.089414598
2/1/2017,2.358,2755.5345,1.0445965,251.065,4.64,4.7,236.470001,0.523,#N/A,1.382391196,2.090904189
3/1/2017,2.396,2755.45087,1.134713043,250.873,4.68,4.4,235.740005,0.738,#N/A,1.383916703,2.095813815
4/1/2017,2.282,2792.4965,1.159030556,251.106,4.57,4.4,238.080002,0.78,18021.048,1.385543224,2.106479881
5/1/2017,2.196,2808.22913,1.185849524,251.33,4.55,4.4,241.440002,0.95,#N/A,1.38730473,2.118113283
6/1/2017,2.302,2843.962273,1.262409545,251.689,4.37,4.3,241.800003,0.993,#N/A,1.388914714,2.137174555
7/1/2017,2.292,2847.615714,1.307512857,251.992,4.39,4.3,246.770004,1.053,18163.558,1.390209584,2.136921885
8/1/2017,2.121,2870.24,1.314176818,252.58,4.31,4.4,247.490005,0.978,#N/A,1.391970196,2.15113802
9/1/2017,2.326,2879.696364,1.323295714,252.979,4.3,4.2,251.229996,1.028,#N/A,1.393700414,2.161456269
10/1/2017,2.376,2883.616364,1.360793182,253.534,4.32,4.1,257.149994,1.123,18322.464,1.395238883,2.15505388
11/1/2017,2.417,2888.896364,1.434204091,253.887,4.27,4.2,265.01001,1.238,#N/A,1.397067881,2.156163938
12/1/2017,2.405,2900.000952,1.601752105,254.445,4.22,4.1,266.859985,1.355,#N/A,1.398550478,2.159672776
1/1/2018,2.72,2891.656818,1.733970909,255.218,4.26,4.1,281.899994,1.43,18438.254,1.399826129,2.163418427
2/1/2018,2.868,2845.667,1.874672,255.662,4.51,4.1,271.649994,1.618,#N/A,1.40215171,2.132712124
3/1/2018,2.741,2833.945,2.173357619,256.144,4.64,4,263.149994,1.67,#N/A,1.403853323,2.124062134
4/1/2018,2.936,2833.851905,2.349426,256.42,4.67,3.9,264.51001,1.763,18598.135,1.406151639,2.131814563
5/1/2018,2.822,2812.759565,2.335608571,256.906,4.83,3.8,270.940002,1.87,#N/A,1.410088992,2.111082919
6/1/2018,2.849,2815.570409,2.330264286,257.327,4.83,4,271.279999,1.88,#N/A,1.413913708,2.123470103
7/1/2018,2.964,2832.605455,2.339118182,257.876,4.79,3.9,281.329987,1.985,18732.72,1.416994221,2.128439989
8/1/2018,2.853,2851.075652,2.323575,258.087,4.77,3.8,290.309998,2.055,#N/A,1.420619589,2.124745083
9/1/2018,3.056,2842.260476,2.349427,258.496,4.88,3.7,290.720001,2.15,#N/A,1.423925821,2.142644495
10/1/2018,3.159,2821.619565,2.460626522,259.002,5.07,3.8,270.630005,2.278,18783.548,1.426909788,2.126781246
11/1/2018,3.013,2806.095455,2.649184091,259.61,5.22,3.7,275.649994,2.308,#N/A,1.42968949,2.113759743
12/1/2018,2.686,2831.1995,2.787742105,260.078,5.13,3.9,249.919998,2.3,#N/A,1.432805314,2.124631963
1/1/2019,2.635,2863.104091,2.774177727,260.701,5.12,4,269.929993,2.34,18927.281,1.436765462,2.163663697
2/1/2019,2.711,2912.7085,2.676678,260.989,4.95,3.8,278.679993,2.383,#N/A,1.441061731,2.181187804
3/1/2019,2.414,2949.241818,2.605674762,261.374,4.84,3.8,282.480011,2.328,#N/A,1.444780516,2.181067283
4/1/2019,2.509,2986.631905,2.5895395,261.735,4.7,3.6,294.019989,2.368,19021.86,1.448184634,2.219002703
5/1/2019,2.142,3014.037826,2.531680952,262.032,4.63,3.6,275.269989,2.293,#N/A,1.451527518,2.228483651
6/1/2019,2,3078.537143,2.3974965,262.803,4.46,3.7,293,2.035,#N/A,1.45497678,2.267456182
7/1/2019,2.021,3119.445,2.293654348,263.569,4.28,3.7,297.429993,2.03,19122.06,1.458598572,2.293134453
8/1/2019,1.506,3203.27913,2.16479381,264.245,3.87,3.7,292.450012,1.933,#N/A,1.461591032,2.315891688
9/1/2019,1.675,3202.685238,2.125182381,264.595,3.91,3.5,296.769989,1.77,#N/A,1.464600476,2.360603744
10/1/2019,1.691,3214.323478,1.977421304,265.011,3.92,3.6,303.329987,1.498,#N/A,1.467567906,2.35196644
,,,,,,,,,,,
,,,,,,,,,,,
,,,,,,,,,,,
